indicator_id,direction,horizon_bars,status,sample_count,win_rate_pct,mean_forward_return_pct,median_forward_return_pct,p25_forward_return_pct,p75_forward_return_pct,mean_mfe_pct,mean_mae_pct,mean_mfe_minus_mae_pct,mfe_gt_mae_rate_pct,mean_volatility_normalized_return,response_bucket,forward_response_score
BOLLINGER_KELTNER_SQUEEZE_RELEASE,both,1,ok,1141,45.0482,-0.001554,-0.00255,-0.023997,0.015736,0.044801,0.044073,0.000728,46.6258,-0.095875,directional_headwind,39.57
BOLLINGER_KELTNER_SQUEEZE_RELEASE,long,1,ok,575,43.8261,-0.002507,-0.003172,-0.024674,0.015095,0.040372,0.041762,-0.00139,46.4348,-0.129466,directional_headwind,37.47
BOLLINGER_KELTNER_SQUEEZE_RELEASE,short,1,ok,566,46.2898,-0.000587,-0.00148,-0.023863,0.016329,0.049299,0.04642,0.002879,46.8198,-0.06175,directional_headwind,41.7
BOLLINGER_KELTNER_SQUEEZE_RELEASE,both,3,ok,1140,45.8772,0.000853,-0.004268,-0.039953,0.028826,0.081827,0.077505,0.004323,46.9298,-0.062854,neutral_mixed,41.25
BOLLINGER_KELTNER_SQUEEZE_RELEASE,long,3,ok,574,44.9477,-0.000699,-0.005095,-0.039001,0.028225,0.07413,0.072762,0.001367,46.1672,-0.08107,directional_headwind,39.17
BOLLINGER_KELTNER_SQUEEZE_RELEASE,short,3,ok,566,46.8198,0.002427,-0.002687,-0.04148,0.029509,0.089633,0.082314,0.00732,47.7032,-0.044381,neutral_mixed,43.35
BOLLINGER_KELTNER_SQUEEZE_RELEASE,both,6,ok,1140,45.5263,-0.001885,-0.00682,-0.050135,0.042047,0.108851,0.106617,0.002234,47.193,-0.080813,directional_headwind,40.85
BOLLINGER_KELTNER_SQUEEZE_RELEASE,long,6,ok,574,44.7735,-0.005831,-0.00871,-0.045675,0.036246,0.095923,0.103842,-0.007919,44.7735,-0.1025,directional_headwind,37.48
BOLLINGER_KELTNER_SQUEEZE_RELEASE,short,6,ok,566,46.2898,0.002118,-0.005406,-0.056652,0.047856,0.121962,0.109431,0.012531,49.6466,-0.058819,neutral_mixed,44.27
BOLLINGER_KELTNER_SQUEEZE_RELEASE,both,12,ok,1140,44.2982,-0.018316,-0.010815,-0.082042,0.055198,0.145485,0.153637,-0.008152,46.3158,-0.155475,directional_headwind,37.72
BOLLINGER_KELTNER_SQUEEZE_RELEASE,long,12,ok,574,45.8188,-0.015398,-0.006108,-0.078286,0.055693,0.133656,0.153595,-0.019938,44.5993,-0.128224,directional_headwind,38.42
BOLLINGER_KELTNER_SQUEEZE_RELEASE,short,12,ok,566,42.7562,-0.021276,-0.015886,-0.089534,0.054804,0.157481,0.15368,0.003801,48.0565,-0.183112,directional_headwind,37.0
BOLLINGER_KELTNER_SQUEEZE_RELEASE,both,24,ok,1140,45.8772,-0.009865,-0.012787,-0.114667,0.087492,0.207842,0.2156,-0.007759,44.4737,-0.068074,directional_headwind,38.99
BOLLINGER_KELTNER_SQUEEZE_RELEASE,long,24,ok,574,48.0836,-0.005747,-0.003696,-0.093212,0.088909,0.190658,0.217327,-0.026668,42.6829,-0.046891,adverse_excursion_asymmetry,40.45
BOLLINGER_KELTNER_SQUEEZE_RELEASE,short,24,ok,566,43.6396,-0.014041,-0.017677,-0.129158,0.084616,0.225268,0.213849,0.011418,46.2898,-0.089556,directional_headwind,37.5
BREAKOUT_FIRST_CLOSE,both,1,ok,3002,46.3691,-0.000919,-0.001707,-0.025478,0.019191,0.049305,0.048299,0.001006,46.6356,-0.036691,directional_headwind,41.88
BREAKOUT_FIRST_CLOSE,long,1,ok,1523,46.6842,-0.001419,-0.001479,-0.024668,0.018832,0.044082,0.044568,-0.000486,47.1438,-0.018978,directional_headwind,42.93
BREAKOUT_FIRST_CLOSE,short,1,ok,1479,46.0446,-0.000403,-0.002222,-0.026791,0.019589,0.054684,0.05214,0.002544,46.1122,-0.054931,directional_headwind,40.81
BREAKOUT_FIRST_CLOSE,both,3,ok,3002,46.3691,-0.000474,-0.003691,-0.041397,0.030216,0.086969,0.081863,0.005107,47.535,-0.062719,directional_headwind,42.43
BREAKOUT_FIRST_CLOSE,long,3,ok,1523,47.9974,0.000512,-0.001709,-0.035943,0.029353,0.07595,0.074794,0.001156,48.654,-0.0462,neutral_mixed,45.72
BREAKOUT_FIRST_CLOSE,short,3,ok,1479,44.6924,-0.00149,-0.005751,-0.046117,0.03132,0.098316,0.089141,0.009175,46.3827,-0.079729,directional_headwind,39.05
BREAKOUT_FIRST_CLOSE,both,6,ok,3001,44.9517,-0.005725,-0.007743,-0.061935,0.043212,0.117797,0.116588,0.001209,46.2512,-0.110515,directional_headwind,38.96
BREAKOUT_FIRST_CLOSE,long,6,ok,1522,45.138,-0.005511,-0.00692,-0.054816,0.040679,0.102641,0.108684,-0.006042,45.8607,-0.110652,directional_headwind,38.85
BREAKOUT_FIRST_CLOSE,short,6,ok,1479,44.76,-0.005946,-0.009412,-0.070234,0.046926,0.133394,0.124722,0.008672,46.6531,-0.110374,directional_headwind,39.07
BREAKOUT_FIRST_CLOSE,both,12,ok,3000,46.8333,-0.00911,-0.007739,-0.087615,0.062865,0.160132,0.163055,-0.002923,46.2333,-0.090823,directional_headwind,41.59
BREAKOUT_FIRST_CLOSE,long,12,ok,1522,47.5033,-0.00868,-0.005943,-0.081057,0.067247,0.142849,0.156951,-0.014102,45.9921,-0.090006,neutral_mixed,42.25
BREAKOUT_FIRST_CLOSE,short,12,ok,1478,46.1434,-0.009552,-0.009879,-0.092751,0.057539,0.177929,0.16934,0.00859,46.4817,-0.091663,directional_headwind,40.9
BREAKOUT_FIRST_CLOSE,both,24,ok,2992,46.1898,-0.008034,-0.011331,-0.124814,0.09602,0.226888,0.229358,-0.002471,46.1898,-0.05379,directional_headwind,41.08
BREAKOUT_FIRST_CLOSE,long,24,ok,1518,47.2991,-0.00638,-0.007423,-0.117025,0.095435,0.200625,0.222254,-0.021629,45.4545,-0.078601,directional_headwind,41.61
BREAKOUT_FIRST_CLOSE,short,24,ok,1474,45.0475,-0.009737,-0.015256,-0.132397,0.098851,0.253934,0.236674,0.017259,46.9471,-0.028239,directional_headwind,40.53
BUFFERED_RANGE_BREAKOUT_SIGNAL,both,1,ok,3054,46.8238,-0.000804,-0.001275,-0.023697,0.017878,0.044544,0.043587,0.000957,47.2168,-0.02465,directional_headwind,43.12
BUFFERED_RANGE_BREAKOUT_SIGNAL,long,1,ok,1528,48.0366,-0.005108,-0.000792,-0.022604,0.016462,0.039461,0.045031,-0.00557,46.5314,-0.04092,neutral_mixed,43.92
BUFFERED_RANGE_BREAKOUT_SIGNAL,short,1,ok,1526,45.6094,0.003505,-0.001883,-0.024527,0.01958,0.049634,0.042142,0.007492,47.903,-0.00839,neutral_mixed,42.32
BUFFERED_RANGE_BREAKOUT_SIGNAL,both,3,ok,3054,46.3982,-0.003792,-0.002565,-0.039135,0.030961,0.076392,0.075927,0.000465,48.1663,-0.031747,directional_headwind,43.35
BUFFERED_RANGE_BREAKOUT_SIGNAL,long,3,ok,1528,47.8403,-0.010927,-0.000862,-0.038232,0.029304,0.066576,0.07953,-0.012954,47.7094,-0.045509,neutral_mixed,44.68
BUFFERED_RANGE_BREAKOUT_SIGNAL,short,3,ok,1526,44.9541,0.003353,-0.00372,-0.040984,0.032518,0.086221,0.072319,0.013902,48.6239,-0.017995,neutral_mixed,42.02
BUFFERED_RANGE_BREAKOUT_SIGNAL,both,6,ok,3054,47.8062,-0.001431,-0.002981,-0.05221,0.048447,0.108615,0.107471,0.001144,47.9371,-0.027946,neutral_mixed,45.01
BUFFERED_RANGE_BREAKOUT_SIGNAL,long,6,ok,1528,49.3455,-0.007952,-0.000742,-0.047632,0.04508,0.096439,0.113727,-0.017288,47.3168,-0.035293,neutral_mixed,46.38
BUFFERED_RANGE_BREAKOUT_SIGNAL,short,6,ok,1526,46.2647,0.005099,-0.00593,-0.055704,0.052328,0.120808,0.101207,0.019601,48.5583,-0.020604,neutral_mixed,43.64
BUFFERED_RANGE_BREAKOUT_SIGNAL,both,12,ok,3050,48.7541,-0.009201,-0.002512,-0.079187,0.067458,0.1539,0.159654,-0.005754,48.1311,-0.036006,neutral_mixed,46.34
BUFFERED_RANGE_BREAKOUT_SIGNAL,long,12,ok,1525,49.8361,-0.010652,0.0,-0.077055,0.066563,0.141749,0.170585,-0.028837,47.082,-0.068004,neutral_mixed,46.48
BUFFERED_RANGE_BREAKOUT_SIGNAL,short,12,ok,1525,47.6721,-0.007749,-0.005134,-0.081933,0.06918,0.166051,0.148723,0.017328,49.1803,-0.004072,neutral_mixed,46.2
BUFFERED_RANGE_BREAKOUT_SIGNAL,both,24,ok,3039,48.9635,0.003513,-0.003169,-0.107294,0.097135,0.218382,0.217544,0.000838,49.0622,0.017504,neutral_mixed,47.98
BUFFERED_RANGE_BREAKOUT_SIGNAL,long,24,ok,1520,49.3421,-0.002815,-0.001802,-0.107251,0.095586,0.200204,0.231467,-0.031263,47.0395,-0.029401,neutral_mixed,46.19
BUFFERED_RANGE_BREAKOUT_SIGNAL,short,24,ok,1519,48.5846,0.009844,-0.005111,-0.107262,0.098959,0.236573,0.203612,0.032961,51.0862,0.064349,neutral_mixed,49.78
CANDLE_DIRECTION_INDEX,both,1,ok,1719,45.0844,-0.003032,-0.004355,-0.032883,0.023709,0.063096,0.063444,-0.000348,45.8988,-0.065879,directional_headwind,39.26
CANDLE_DIRECTION_INDEX,long,1,ok,920,48.587,-0.000963,-0.000637,-0.028256,0.024821,0.061168,0.060583,0.000585,47.6087,-0.015984,neutral_mixed,45.85
CANDLE_DIRECTION_INDEX,short,1,ok,799,41.0513,-0.005413,-0.00815,-0.039512,0.022018,0.065316,0.066738,-0.001422,43.9299,-0.123331,directional_headwind,31.67
CANDLE_DIRECTION_INDEX,both,3,ok,1719,44.3863,-0.005607,-0.008134,-0.055108,0.034702,0.102293,0.10194,0.000353,46.1315,-0.077116,directional_headwind,38.45
CANDLE_DIRECTION_INDEX,long,3,ok,920,46.3043,0.000492,-0.005008,-0.043571,0.03612,0.095794,0.09344,0.002354,47.5,-0.020441,neutral_mixed,42.74
CANDLE_DIRECTION_INDEX,short,3,ok,799,42.1777,-0.01263,-0.012568,-0.06689,0.032006,0.109776,0.111728,-0.001952,44.5557,-0.142373,directional_headwind,33.51
CANDLE_DIRECTION_INDEX,both,6,ok,1719,44.1536,-0.006484,-0.011933,-0.076045,0.052087,0.137951,0.140448,-0.002497,44.968,-0.058599,directional_headwind,37.28
CANDLE_DIRECTION_INDEX,long,6,ok,920,47.1739,0.002536,-0.004674,-0.06251,0.053187,0.127624,0.129214,-0.00159,46.087,-0.002799,neutral_mixed,42.78
CANDLE_DIRECTION_INDEX,short,6,ok,799,40.6758,-0.01687,-0.019803,-0.092042,0.050211,0.149842,0.153384,-0.003542,43.6796,-0.122848,directional_headwind,30.96
CANDLE_DIRECTION_INDEX,both,12,ok,1718,47.9045,-0.009187,-0.005404,-0.096203,0.075794,0.178625,0.180825,-0.0022,46.4494,-0.022487,neutral_mixed,43.86
CANDLE_DIRECTION_INDEX,long,12,ok,919,51.0337,0.002246,0.002581,-0.085719,0.079197,0.166945,0.169928,-0.002983,48.531,0.016424,neutral_mixed,50.19
CANDLE_DIRECTION_INDEX,short,12,ok,799,44.3054,-0.022336,-0.016987,-0.106798,0.069963,0.192059,0.193359,-0.0013,44.0551,-0.067242,directional_headwind,36.57
CANDLE_DIRECTION_INDEX,both,24,ok,1713,49.2119,0.008563,-0.001712,-0.118543,0.112372,0.250184,0.239823,0.010362,48.1027,0.038963,neutral_mixed,47.66
CANDLE_DIRECTION_INDEX,long,24,ok,918,51.4161,0.017054,0.005156,-0.106099,0.116593,0.22937,0.229478,-0.000108,49.2375,0.061696,neutral_mixed,51.77
CANDLE_DIRECTION_INDEX,short,24,ok,795,46.6667,-0.001243,-0.013678,-0.133158,0.102698,0.274219,0.251768,0.022451,46.7925,0.012712,directional_headwind,42.91
CHANNEL_REENTRY,both,1,ok,2997,49.0157,-0.002363,0.0,-0.022058,0.020604,0.044777,0.048026,-0.003249,50.9176,0.017764,neutral_mixed,49.72
CHANNEL_REENTRY,long,1,ok,1479,49.4929,-0.002219,0.0,-0.022447,0.022069,0.04834,0.052195,-0.003855,51.7918,0.02876,neutral_mixed,51.24
CHANNEL_REENTRY,short,1,ok,1518,48.5507,-0.002502,-0.0,-0.021495,0.019924,0.041305,0.043963,-0.002658,50.0659,0.007051,neutral_mixed,48.25
CHANNEL_REENTRY,both,3,ok,2997,51.318,0.001874,0.001881,-0.033302,0.03812,0.079351,0.081831,-0.00248,51.952,0.055424,neutral_mixed,54.02
CHANNEL_REENTRY,long,3,ok,1479,51.6565,0.006312,0.002558,-0.035078,0.042359,0.086548,0.08841,-0.001861,52.1974,0.066383,neutral_mixed,54.79
CHANNEL_REENTRY,short,3,ok,1518,50.9881,-0.00245,0.001377,-0.031162,0.034891,0.072339,0.075422,-0.003083,51.7128,0.044747,neutral_mixed,53.27
CHANNEL_REENTRY,both,6,ok,2996,52.9372,0.005044,0.005163,-0.046873,0.059835,0.113936,0.112686,0.00125,52.4366,0.095756,directional_tailwind,56.97
CHANNEL_REENTRY,long,6,ok,1479,53.7525,0.010766,0.005988,-0.045833,0.069736,0.123321,0.121851,0.00147,51.6565,0.103759,directional_tailwind,57.41
CHANNEL_REENTRY,short,6,ok,1517,52.1424,-0.000535,0.004255,-0.04759,0.052202,0.104787,0.103751,0.001036,53.1971,0.087954,neutral_mixed,56.54
CHANNEL_REENTRY,both,12,ok,2993,52.4891,0.004357,0.00598,-0.065724,0.083522,0.159442,0.15641,0.003032,53.0571,0.056232,neutral_mixed,56.55
CHANNEL_REENTRY,long,12,ok,1477,52.6066,0.007874,0.005925,-0.06457,0.089168,0.167571,0.167586,-1.4e-05,52.4712,0.054,directional_tailwind,56.15
CHANNEL_REENTRY,short,12,ok,1516,52.3747,0.000931,0.006287,-0.068673,0.079138,0.151522,0.145522,0.006,53.628,0.058406,neutral_mixed,56.94
CHANNEL_REENTRY,both,24,ok,2987,51.8915,0.008664,0.006592,-0.102834,0.124534,0.226094,0.224611,0.001483,52.762,0.052413,neutral_mixed,55.47
CHANNEL_REENTRY,long,24,ok,1474,52.9851,0.012075,0.008532,-0.106653,0.129578,0.234991,0.246898,-0.011907,51.1533,0.029193,directional_tailwind,55.21
CHANNEL_REENTRY,short,24,ok,1513,50.8262,0.005342,0.003422,-0.098181,0.118672,0.217427,0.202899,0.014528,54.3291,0.075034,neutral_mixed,55.72
EHLERS_FISHER_TRANSITION,both,1,ok,8045,48.6513,-0.000252,-0.0,-0.01996,0.018027,0.041737,0.040488,0.001248,49.248,0.009224,neutral_mixed,47.66
EHLERS_FISHER_TRANSITION,long,1,ok,4025,48.8199,0.000193,0.0,-0.020195,0.017759,0.04155,0.040412,0.001138,48.4472,-0.003919,neutral_mixed,47.03
EHLERS_FISHER_TRANSITION,short,1,ok,4020,48.4826,-0.000697,-0.0,-0.019886,0.018721,0.041923,0.040564,0.001359,50.0498,0.022384,neutral_mixed,48.3
EHLERS_FISHER_TRANSITION,both,3,ok,8039,49.7948,-0.000424,-0.0,-0.034864,0.033222,0.074795,0.072932,0.001864,50.3048,0.020563,neutral_mixed,50.21
EHLERS_FISHER_TRANSITION,long,3,ok,4021,50.1368,-0.000694,0.000629,-0.034712,0.03225,0.072258,0.073248,-0.00099,49.2912,-0.007009,neutral_mixed,49.47
EHLERS_FISHER_TRANSITION,short,3,ok,4018,49.4525,-0.000154,-0.0,-0.035152,0.034824,0.077335,0.072615,0.004719,51.3191,0.048155,neutral_mixed,50.96
EHLERS_FISHER_TRANSITION,both,6,ok,8036,50.0996,0.00301,0.000627,-0.048786,0.048599,0.108516,0.1045,0.004016,50.0498,0.015132,neutral_mixed,50.33
EHLERS_FISHER_TRANSITION,long,6,ok,4021,50.5347,0.001169,0.000742,-0.046765,0.049192,0.10288,0.106854,-0.003973,49.3658,-0.008862,neutral_mixed,50.04
EHLERS_FISHER_TRANSITION,short,6,ok,4015,49.6638,0.004853,-0.0,-0.051587,0.048193,0.114161,0.102144,0.012017,50.7347,0.039161,neutral_mixed,50.62
EHLERS_FISHER_TRANSITION,both,12,ok,8023,49.3207,-0.000707,-0.001259,-0.0709,0.067843,0.15249,0.151591,0.000899,49.8442,-0.006566,neutral_mixed,48.91
EHLERS_FISHER_TRANSITION,long,12,ok,4012,50.0499,-0.006997,0.000627,-0.068547,0.067184,0.142934,0.159853,-0.016919,48.654,-0.029134,neutral_mixed,48.56
EHLERS_FISHER_TRANSITION,short,12,ok,4011,48.5914,0.005585,-0.002516,-0.073169,0.068772,0.162049,0.143326,0.018722,51.0347,0.016008,neutral_mixed,49.26
EHLERS_FISHER_TRANSITION,both,24,ok,7997,49.3685,-4.9e-05,-0.001752,-0.103971,0.09911,0.217463,0.216962,0.000501,49.4936,0.007596,neutral_mixed,48.8
EHLERS_FISHER_TRANSITION,long,24,ok,3999,49.4624,-0.012887,-0.001477,-0.103162,0.098655,0.200618,0.232801,-0.032183,47.862,-0.017908,neutral_mixed,47.2
EHLERS_FISHER_TRANSITION,short,24,ok,3998,49.2746,0.012792,-0.001917,-0.10446,0.099328,0.234312,0.201118,0.033194,51.1256,0.033107,neutral_mixed,50.4
KEY_REVERSAL_SIGNAL,both,1,ok,3070,46.7752,-0.000638,-0.001258,-0.020666,0.017153,0.041728,0.040318,0.00141,47.4267,-0.022783,directional_headwind,43.26
KEY_REVERSAL_SIGNAL,long,1,ok,1520,46.9737,-0.000749,-0.000858,-0.019648,0.01629,0.040622,0.039984,0.000638,46.7763,-0.056323,directional_headwind,42.6
KEY_REVERSAL_SIGNAL,short,1,ok,1550,46.5806,-0.000529,-0.001313,-0.021515,0.017923,0.042812,0.040645,0.002166,48.0645,0.010108,directional_headwind,43.91
KEY_REVERSAL_SIGNAL,both,3,ok,3069,47.2792,-0.002577,-0.001919,-0.035181,0.030138,0.070767,0.071143,-0.000376,47.8006,-0.037886,directional_headwind,44.1
KEY_REVERSAL_SIGNAL,long,3,ok,1519,46.6754,-0.00393,-0.002558,-0.035754,0.027817,0.067508,0.071196,-0.003688,46.8729,-0.080886,directional_headwind,42.05
KEY_REVERSAL_SIGNAL,short,3,ok,1550,47.871,-0.001252,-0.001901,-0.03425,0.03329,0.073961,0.07109,0.00287,48.7097,0.004254,neutral_mixed,46.11
KEY_REVERSAL_SIGNAL,both,6,ok,3067,48.386,0.001532,-0.0017,-0.051042,0.042769,0.103177,0.10237,0.000807,47.5709,-0.004642,neutral_mixed,45.67
KEY_REVERSAL_SIGNAL,long,6,ok,1518,47.8261,-0.002899,-0.001915,-0.049626,0.042063,0.093061,0.10363,-0.01057,45.4545,-0.059561,neutral_mixed,42.49
KEY_REVERSAL_SIGNAL,short,6,ok,1549,48.9348,0.005875,-0.001279,-0.05235,0.043127,0.113091,0.101134,0.011956,49.6449,0.049177,neutral_mixed,48.79
KEY_REVERSAL_SIGNAL,both,12,ok,3062,48.2364,-0.00303,-0.003705,-0.068639,0.061793,0.147878,0.145843,0.002035,49.2815,-0.030827,neutral_mixed,46.75
KEY_REVERSAL_SIGNAL,long,12,ok,1514,47.2919,-0.010548,-0.004782,-0.067247,0.060613,0.132599,0.153223,-0.020625,46.8956,-0.105821,directional_headwind,42.63
KEY_REVERSAL_SIGNAL,short,12,ok,1548,49.1602,0.004323,-0.002563,-0.070845,0.063657,0.162822,0.138625,0.024197,51.615,0.042518,neutral_mixed,50.79
KEY_REVERSAL_SIGNAL,both,24,ok,3051,49.4592,-0.006242,-0.000756,-0.101192,0.093335,0.210034,0.211043,-0.001009,49.492,-0.021228,neutral_mixed,48.63
KEY_REVERSAL_SIGNAL,long,24,ok,1509,49.9006,-0.017279,0.0,-0.0962,0.094831,0.1917,0.225372,-0.033672,47.4486,-0.067774,neutral_mixed,46.9
KEY_REVERSAL_SIGNAL,short,24,ok,1542,49.0272,0.004559,-0.002018,-0.105638,0.089599,0.227975,0.19702,0.030955,51.4916,0.024322,neutral_mixed,50.32
KST_CROSSOVER,both,1,ok,2193,48.2444,-0.002928,-0.000632,-0.020324,0.0181,0.042904,0.043364,-0.00046,48.974,-0.012982,neutral_mixed,46.66
KST_CROSSOVER,long,1,ok,1098,48.3607,-0.003994,-0.000315,-0.020952,0.019462,0.040352,0.044138,-0.003786,49.7268,-0.000767,neutral_mixed,47.62
KST_CROSSOVER,short,1,ok,1095,48.1279,-0.001859,-0.000739,-0.020137,0.017196,0.045464,0.042588,0.002876,48.2192,-0.02523,neutral_mixed,45.71
KST_CROSSOVER,both,3,ok,2192,48.0383,-0.00584,-0.001706,-0.036621,0.030928,0.073934,0.076645,-0.002711,48.7682,-0.04515,neutral_mixed,45.89
KST_CROSSOVER,long,3,ok,1097,47.7666,-0.007872,-0.000855,-0.035755,0.032293,0.068642,0.077482,-0.00884,49.0428,-0.044941,neutral_mixed,45.79
KST_CROSSOVER,short,3,ok,1095,48.3105,-0.003803,-0.002507,-0.037816,0.030099,0.079235,0.075807,0.003428,48.4932,-0.04536,neutral_mixed,45.99
KST_CROSSOVER,both,6,ok,2189,45.5916,-0.013333,-0.005914,-0.056871,0.043992,0.102455,0.114988,-0.012533,46.8707,-0.098466,directional_headwind,40.47
KST_CROSSOVER,long,6,ok,1095,46.6667,-0.017068,-0.004277,-0.051131,0.043612,0.094075,0.119463,-0.025388,46.8493,-0.136909,directional_headwind,41.46
KST_CROSSOVER,short,6,ok,1094,44.5155,-0.009595,-0.006948,-0.05979,0.044074,0.110842,0.110509,0.000334,46.8921,-0.059989,directional_headwind,39.47
KST_CROSSOVER,both,12,ok,2184,47.3901,-0.013903,-0.005855,-0.079293,0.059633,0.149102,0.165001,-0.015898,47.4817,-0.057672,directional_headwind,43.76
KST_CROSSOVER,long,12,ok,1093,49.1308,-0.01728,-0.000853,-0.080923,0.060736,0.139633,0.176323,-0.036689,46.7521,-0.098612,neutral_mixed,44.96
KST_CROSSOVER,short,12,ok,1091,45.6462,-0.01052,-0.009008,-0.078983,0.058399,0.158589,0.153658,0.004931,48.2126,-0.016657,directional_headwind,42.56
KST_CROSSOVER,both,24,ok,2180,50.8716,0.00347,0.003602,-0.099387,0.103267,0.219409,0.22721,-0.0078,48.945,0.006523,neutral_mixed,50.25
KST_CROSSOVER,long,24,ok,1092,51.3736,-0.009548,0.003743,-0.094309,0.094651,0.199558,0.244418,-0.04486,47.1612,-0.040816,neutral_mixed,48.82
KST_CROSSOVER,short,24,ok,1088,50.3676,0.016535,0.00304,-0.101396,0.113993,0.239333,0.209938,0.029395,50.7353,0.054035,neutral_mixed,51.68
MACD_CROSSOVER,both,1,ok,3129,48.4819,0.002491,-0.0,-0.020925,0.020075,0.04681,0.042217,0.004593,49.217,0.032126,neutral_mixed,47.64
MACD_CROSSOVER,long,1,ok,1565,49.6486,-0.001125,0.0,-0.020005,0.020832,0.043427,0.044198,-0.000771,48.9457,0.016379,neutral_mixed,48.76
MACD_CROSSOVER,short,1,ok,1564,47.3146,0.006108,-0.0008,-0.02206,0.019566,0.050195,0.040235,0.009961,49.4885,0.047883,neutral_mixed,46.53
MACD_CROSSOVER,both,3,ok,3127,49.5363,0.002551,0.0,-0.035444,0.033501,0.080242,0.074665,0.005576,50.2718,0.028308,neutral_mixed,49.92
MACD_CROSSOVER,long,3,ok,1563,50.9277,-0.005256,0.001279,-0.033987,0.032843,0.070913,0.079901,-0.008988,51.0557,-0.000422,neutral_mixed,52.15
MACD_CROSSOVER,short,3,ok,1564,48.1458,0.010352,-0.00171,-0.036129,0.034247,0.089564,0.069433,0.020131,49.4885,0.057019,neutral_mixed,47.7
MACD_CROSSOVER,both,6,ok,3127,48.481,-0.002112,-0.001489,-0.048909,0.048532,0.111053,0.107735,0.003317,49.7602,-0.01541,neutral_mixed,47.66
MACD_CROSSOVER,long,6,ok,1563,47.8567,-0.013715,-0.00188,-0.049075,0.046119,0.09804,0.116384,-0.018343,48.8804,-0.051577,neutral_mixed,45.69
MACD_CROSSOVER,short,6,ok,1564,49.1049,0.009484,-0.001265,-0.048594,0.050825,0.124057,0.099093,0.024964,50.6394,0.020733,neutral_mixed,49.62
MACD_CROSSOVER,both,12,ok,3120,48.0769,-0.008896,-0.00343,-0.073619,0.062033,0.153833,0.158185,-0.004353,49.8718,-0.033315,neutral_mixed,47.05
MACD_CROSSOVER,long,12,ok,1559,47.7229,-0.018294,-0.004262,-0.074037,0.065607,0.140382,0.174007,-0.033625,48.4285,-0.079344,neutral_mixed,44.83
MACD_CROSSOVER,short,12,ok,1561,48.4305,0.00049,-0.002554,-0.073041,0.058469,0.167266,0.142384,0.024882,51.3133,0.012655,neutral_mixed,49.27
MACD_CROSSOVER,both,24,ok,3116,48.6842,0.003651,-0.004429,-0.107026,0.09779,0.218234,0.217464,0.00077,49.1977,0.010102,neutral_mixed,47.67
MACD_CROSSOVER,long,24,ok,1558,47.6893,-0.013902,-0.005723,-0.107475,0.095153,0.196153,0.2369,-0.040747,46.2773,-0.033905,neutral_mixed,43.31
MACD_CROSSOVER,short,24,ok,1558,49.6791,0.021204,-0.002186,-0.106157,0.100675,0.240315,0.198028,0.042287,52.1181,0.054109,neutral_mixed,52.03
MARKET_MODE_TRANSITION,both,1,ok,1487,46.4022,-0.000159,-0.00147,-0.020087,0.018897,0.04091,0.03943,0.00148,47.4781,-0.012554,directional_headwind,42.93
MARKET_MODE_TRANSITION,long,1,ok,718,48.1894,-0.001735,-0.000315,-0.019607,0.017656,0.037099,0.038268,-0.001168,48.468,-0.026968,neutral_mixed,46.0
MARKET_MODE_TRANSITION,short,1,ok,769,44.7334,0.001313,-0.002554,-0.020308,0.019544,0.044467,0.040514,0.003953,46.554,0.000903,neutral_mixed,40.06
MARKET_MODE_TRANSITION,both,3,ok,1485,47.138,0.001435,-0.001275,-0.032753,0.03141,0.072124,0.068296,0.003827,48.6869,-0.034156,neutral_mixed,44.76
MARKET_MODE_TRANSITION,long,3,ok,716,48.1844,0.004065,-0.000634,-0.028977,0.029851,0.068174,0.064941,0.003233,49.162,-0.030756,neutral_mixed,46.58
MARKET_MODE_TRANSITION,short,3,ok,769,46.1638,-0.001014,-0.002966,-0.037991,0.032088,0.075801,0.07142,0.004381,48.2445,-0.037322,directional_headwind,43.06
MARKET_MODE_TRANSITION,both,6,ok,1483,49.0223,0.000372,0.0,-0.050197,0.04569,0.105282,0.099507,0.005775,49.292,-0.024033,neutral_mixed,47.85
MARKET_MODE_TRANSITION,long,6,ok,716,51.8156,0.009814,0.00285,-0.046326,0.045061,0.101404,0.094807,0.006597,48.4637,0.021485,neutral_mixed,51.19
MARKET_MODE_TRANSITION,short,6,ok,767,46.4146,-0.008443,-0.003419,-0.0539,0.046355,0.108902,0.103893,0.005008,50.0652,-0.066525,directional_headwind,44.73
MARKET_MODE_TRANSITION,both,12,ok,1483,49.1571,0.003858,-0.000862,-0.068109,0.06875,0.151401,0.142824,0.008578,49.0223,0.007764,neutral_mixed,48.1
MARKET_MODE_TRANSITION,long,12,ok,716,51.1173,0.011286,0.002577,-0.062817,0.069339,0.145273,0.1361,0.009174,49.162,0.016085,neutral_mixed,50.86
MARKET_MODE_TRANSITION,short,12,ok,767,47.3272,-0.003075,-0.004546,-0.080638,0.06783,0.157122,0.149101,0.008021,48.8918,-4e-06,directional_headwind,45.53
MARKET_MODE_TRANSITION,both,24,ok,1476,49.5935,0.009072,-0.000745,-0.097881,0.101269,0.215542,0.206391,0.009151,50.4065,0.01684,neutral_mixed,50.01
MARKET_MODE_TRANSITION,long,24,ok,715,51.3287,0.016777,0.003415,-0.092279,0.108521,0.209151,0.20554,0.003611,49.9301,0.011568,neutral_mixed,51.78
MARKET_MODE_TRANSITION,short,24,ok,761,47.9632,0.001833,-0.006655,-0.104853,0.098366,0.221547,0.207191,0.014356,50.8541,0.021792,neutral_mixed,48.34
MA_CROSSOVER,both,1,ok,1857,53.3656,0.002799,0.00171,-0.015733,0.022363,0.045218,0.045232,-1.4e-05,53.1502,0.048039,directional_tailwind,57.69
MA_CROSSOVER,long,1,ok,931,53.9205,0.001913,0.002561,-0.015651,0.023877,0.047296,0.050697,-0.003401,53.5983,0.074373,directional_tailwind,59.08
MA_CROSSOVER,short,1,ok,926,52.8078,0.00369,0.001254,-0.015782,0.020952,0.043129,0.039738,0.003391,52.6998,0.021563,directional_tailwind,56.3
MA_CROSSOVER,both,3,ok,1856,52.9634,0.004727,0.002609,-0.028507,0.035958,0.079682,0.077587,0.002095,53.1789,0.072286,directional_tailwind,57.44
MA_CROSSOVER,long,3,ok,931,54.565,0.006242,0.004249,-0.02707,0.037684,0.080906,0.084082,-0.003176,53.3835,0.072117,directional_tailwind,59.7
MA_CROSSOVER,short,3,ok,925,51.3514,0.003203,0.001262,-0.029674,0.03396,0.07845,0.071049,0.007401,52.973,0.072457,neutral_mixed,55.16
MA_CROSSOVER,both,6,ok,1856,52.2629,0.006517,0.004322,-0.043628,0.051544,0.112318,0.109583,0.002736,52.3168,0.060694,neutral_mixed,55.63
MA_CROSSOVER,long,6,ok,931,52.5242,0.005502,0.004277,-0.047049,0.050951,0.112551,0.11769,-0.005139,51.9871,0.027081,directional_tailwind,55.34
MA_CROSSOVER,short,6,ok,925,52.0,0.007538,0.004368,-0.039294,0.052318,0.112084,0.101422,0.010662,52.6486,0.094526,neutral_mixed,55.93
MA_CROSSOVER,both,12,ok,1853,51.8618,0.009863,0.005111,-0.062984,0.074308,0.161077,0.152866,0.008211,51.0523,0.066564,neutral_mixed,54.03
MA_CROSSOVER,long,12,ok,930,52.1505,0.000868,0.005121,-0.062953,0.075417,0.152177,0.163451,-0.011275,49.7849,0.042979,neutral_mixed,53.03
MA_CROSSOVER,short,12,ok,923,51.571,0.018925,0.004404,-0.064985,0.073232,0.170045,0.142201,0.027845,52.3294,0.090329,neutral_mixed,55.04
MA_CROSSOVER,both,24,ok,1846,50.8126,0.001179,0.003151,-0.097609,0.105335,0.219691,0.223349,-0.003657,50.7584,0.002972,neutral_mixed,51.77
MA_CROSSOVER,long,24,ok,925,52.2162,-0.013897,0.009501,-0.102907,0.112678,0.209727,0.243612,-0.033885,50.2703,-0.026834,neutral_mixed,52.86
MA_CROSSOVER,short,24,ok,921,49.4028,0.01632,-0.00085,-0.094331,0.095183,0.229699,0.202997,0.026702,51.2486,0.032908,neutral_mixed,50.68
NVO_VOLUME_IMPULSE,both,1,ok,1377,49.0922,0.006508,0.0,-0.022919,0.023482,0.052434,0.043421,0.009013,49.9637,0.102973,neutral_mixed,49.82
NVO_VOLUME_IMPULSE,long,1,ok,683,51.8302,0.0013,0.001267,-0.021372,0.025086,0.04106,0.042358,-0.001298,50.8053,0.125185,neutral_mixed,54.36
NVO_VOLUME_IMPULSE,short,1,ok,694,46.3977,0.011635,-0.001791,-0.024345,0.021364,0.063627,0.044467,0.019161,49.1354,0.081145,neutral_mixed,45.35
NVO_VOLUME_IMPULSE,both,3,ok,1377,48.0029,0.008551,-0.001267,-0.037776,0.037327,0.089513,0.071428,0.018085,51.7066,0.085045,neutral_mixed,49.79
NVO_VOLUME_IMPULSE,long,3,ok,683,50.0732,0.007124,0.000627,-0.034296,0.037764,0.071826,0.065468,0.006358,53.0015,0.115573,neutral_mixed,53.95
NVO_VOLUME_IMPULSE,short,3,ok,694,45.9654,0.009955,-0.00433,-0.039482,0.035391,0.106921,0.077294,0.029627,50.4323,0.055044,neutral_mixed,45.69
NVO_VOLUME_IMPULSE,both,6,ok,1377,49.528,0.006202,-0.000744,-0.044348,0.050667,0.119161,0.1025,0.016661,49.4553,0.067044,neutral_mixed,49.57
NVO_VOLUME_IMPULSE,long,6,ok,683,50.366,0.006633,0.000854,-0.040326,0.050274,0.099673,0.096267,0.003406,49.4876,0.090171,neutral_mixed,50.92
NVO_VOLUME_IMPULSE,short,6,ok,694,48.7032,0.005779,-0.002381,-0.048397,0.050771,0.13834,0.108634,0.029706,49.4236,0.044316,neutral_mixed,48.24
NVO_VOLUME_IMPULSE,both,12,ok,1377,50.7625,0.010422,0.0019,-0.069024,0.078051,0.158804,0.141672,0.017132,50.9804,0.074179,neutral_mixed,52.62
NVO_VOLUME_IMPULSE,long,12,ok,683,50.366,0.000265,0.001699,-0.068999,0.076648,0.134112,0.140368,-0.006255,51.0981,0.042962,neutral_mixed,51.89
NVO_VOLUME_IMPULSE,short,12,ok,694,51.1527,0.020419,0.002059,-0.068945,0.079792,0.183104,0.142955,0.040149,50.8646,0.104857,neutral_mixed,53.33
NVO_VOLUME_IMPULSE,both,24,ok,1377,51.3435,0.022931,0.005934,-0.100481,0.11058,0.215785,0.189248,0.026537,50.9804,0.081734,neutral_mixed,53.45
NVO_VOLUME_IMPULSE,long,24,ok,683,51.5373,0.002533,0.008587,-0.092077,0.109896,0.178221,0.1956,-0.017379,50.0732,0.057899,neutral_mixed,52.64
NVO_VOLUME_IMPULSE,short,24,ok,694,51.1527,0.043005,0.002503,-0.110132,0.110433,0.252752,0.182996,0.069756,51.8732,0.105156,neutral_mixed,54.24
PMO_CROSSOVER,both,1,ok,2385,46.3312,-0.000937,-0.001478,-0.022976,0.017379,0.0451,0.043685,0.001415,46.7925,-0.017857,directional_headwind,42.17
PMO_CROSSOVER,long,1,ok,1192,47.9866,-0.006366,-0.000635,-0.022642,0.018341,0.039763,0.046808,-0.007045,46.896,-0.034927,neutral_mixed,44.24
PMO_CROSSOVER,short,1,ok,1193,44.6773,0.004487,-0.002217,-0.023911,0.016895,0.050433,0.040564,0.009869,46.689,-0.000801,neutral_mixed,40.09
PMO_CROSSOVER,both,3,ok,2385,46.8763,-0.001685,-0.00221,-0.037734,0.031169,0.078519,0.075623,0.002897,47.2117,-0.051914,directional_headwind,42.91
PMO_CROSSOVER,long,3,ok,1192,46.6443,-0.008017,-0.00223,-0.038294,0.032409,0.068794,0.080488,-0.011694,46.7282,-0.08921,directional_headwind,41.8
PMO_CROSSOVER,short,3,ok,1193,47.1081,0.004642,-0.002204,-0.03688,0.030758,0.088237,0.070761,0.017476,47.6949,-0.014649,neutral_mixed,44.02
PMO_CROSSOVER,both,6,ok,2383,46.9576,-0.004366,-0.00444,-0.053611,0.046955,0.108005,0.107663,0.000342,46.3701,-0.060979,directional_headwind,42.17
PMO_CROSSOVER,long,6,ok,1191,46.8514,-0.013049,-0.004799,-0.052869,0.046955,0.094766,0.115104,-0.020338,45.1721,-0.08992,directional_headwind,40.66
PMO_CROSSOVER,short,6,ok,1192,47.0638,0.00431,-0.004362,-0.055391,0.046757,0.121233,0.100229,0.021004,47.5671,-0.032062,neutral_mixed,43.67
PMO_CROSSOVER,both,12,ok,2383,47.7549,-0.008687,-0.005014,-0.077725,0.059068,0.150386,0.156451,-0.006065,47.5871,-0.066468,neutral_mixed,44.25
PMO_CROSSOVER,long,12,ok,1191,48.1948,-0.021964,-0.004477,-0.085594,0.064194,0.135549,0.172919,-0.03737,45.508,-0.129977,neutral_mixed,42.31
PMO_CROSSOVER,short,12,ok,1192,47.3154,0.00458,-0.005038,-0.072392,0.055486,0.165211,0.139997,0.025214,49.6644,-0.003014,neutral_mixed,46.18
PMO_CROSSOVER,both,24,ok,2379,49.5166,0.003898,-0.000629,-0.102598,0.095677,0.215335,0.215432,-9.8e-05,48.9702,-0.00302,neutral_mixed,48.41
PMO_CROSSOVER,long,24,ok,1190,47.8992,-0.013137,-0.005406,-0.106418,0.082368,0.190572,0.235968,-0.045396,46.3866,-0.049228,neutral_mixed,43.52
PMO_CROSSOVER,short,24,ok,1189,51.1354,0.020946,0.004275,-0.097072,0.105315,0.240118,0.194879,0.045239,51.5559,0.043227,neutral_mixed,53.31
PRICE_RECLAIM_MA,both,1,ok,5307,48.3135,0.00207,-0.000627,-0.020021,0.018705,0.044604,0.040148,0.004457,49.3499,0.023415,neutral_mixed,47.46
PRICE_RECLAIM_MA,long,1,ok,2652,48.9442,0.002948,0.0,-0.018071,0.018284,0.043616,0.039443,0.004173,49.1327,0.018978,neutral_mixed,48.04
PRICE_RECLAIM_MA,short,1,ok,2655,47.6836,0.001193,-0.000854,-0.022079,0.018822,0.045591,0.040851,0.00474,49.5669,0.027848,neutral_mixed,46.88
PRICE_RECLAIM_MA,both,3,ok,5303,48.878,-0.000134,-0.000639,-0.03569,0.032497,0.075653,0.072905,0.002748,49.9529,-0.001258,neutral_mixed,48.49
PRICE_RECLAIM_MA,long,3,ok,2650,50.0377,0.001974,0.00063,-0.033843,0.032463,0.074018,0.071675,0.002343,49.8868,-0.005162,neutral_mixed,49.9
PRICE_RECLAIM_MA,short,3,ok,2653,47.7196,-0.00224,-0.001887,-0.038288,0.032537,0.077285,0.074132,0.003153,50.0188,0.002643,neutral_mixed,47.08
PRICE_RECLAIM_MA,both,6,ok,5302,48.8872,-0.001195,-0.001267,-0.051827,0.047584,0.108111,0.107104,0.001007,49.321,-0.016771,neutral_mixed,47.77
PRICE_RECLAIM_MA,long,6,ok,2650,49.6604,-0.001017,0.0,-0.050713,0.047912,0.103967,0.108752,-0.004785,48.6038,-0.042421,neutral_mixed,47.88
PRICE_RECLAIM_MA,short,6,ok,2652,48.1146,-0.001373,-0.002536,-0.052829,0.046993,0.112251,0.105457,0.006794,50.0377,0.008859,neutral_mixed,47.67
PRICE_RECLAIM_MA,both,12,ok,5297,48.9334,-0.003636,-0.001478,-0.0719,0.068596,0.155131,0.155749,-0.000617,49.3298,-0.024217,neutral_mixed,47.77
PRICE_RECLAIM_MA,long,12,ok,2646,49.6599,-0.009146,0.0,-0.07345,0.067214,0.145843,0.164115,-0.018273,47.9592,-0.077376,neutral_mixed,46.95
PRICE_RECLAIM_MA,short,12,ok,2651,48.2082,0.001863,-0.003765,-0.070278,0.069283,0.164402,0.147398,0.017004,50.6978,0.028841,neutral_mixed,48.59
PRICE_RECLAIM_MA,both,24,ok,5280,49.2614,0.000987,-0.002524,-0.103851,0.102399,0.220371,0.218848,0.001524,49.4697,-0.000722,neutral_mixed,48.56
PRICE_RECLAIM_MA,long,24,ok,2638,50.1137,-0.005097,0.000686,-0.101636,0.10109,0.205789,0.230807,-0.025017,47.9151,-0.024878,neutral_mixed,48.02
PRICE_RECLAIM_MA,short,24,ok,2642,48.4103,0.007062,-0.005428,-0.106293,0.10278,0.234931,0.206907,0.028024,51.022,0.023397,neutral_mixed,49.09
RSI_CROSSBACK,both,1,ok,1096,48.6314,-0.002533,-0.000313,-0.023831,0.022955,0.049619,0.050239,-0.00062,48.5401,0.004556,neutral_mixed,46.95
RSI_CROSSBACK,long,1,ok,578,47.4048,-0.000962,-0.001288,-0.024234,0.024316,0.057772,0.056099,0.001673,47.5779,0.001352,directional_headwind,44.46
RSI_CROSSBACK,short,1,ok,518,50.0,-0.004286,0.000314,-0.023166,0.021996,0.040521,0.043699,-0.003179,49.6139,0.008131,neutral_mixed,49.73
RSI_CROSSBACK,both,3,ok,1096,50.8212,-0.002365,0.001259,-0.039147,0.040333,0.08065,0.086073,-0.005423,52.281,0.033592,neutral_mixed,53.46
RSI_CROSSBACK,long,3,ok,578,51.7301,0.000923,0.001598,-0.039474,0.049023,0.093022,0.095801,-0.00278,50.8651,0.053401,neutral_mixed,53.56
RSI_CROSSBACK,short,3,ok,518,49.8069,-0.006034,-0.0,-0.038818,0.030873,0.066845,0.075217,-0.008372,53.861,0.011489,neutral_mixed,53.34
RSI_CROSSBACK,both,6,ok,1096,50.9124,-0.006692,0.002993,-0.056272,0.06365,0.112967,0.123793,-0.010826,51.4599,0.042054,neutral_mixed,52.92
RSI_CROSSBACK,long,6,ok,578,50.173,-0.009148,0.000684,-0.059471,0.074402,0.127658,0.142214,-0.014556,50.346,0.018039,neutral_mixed,50.72
RSI_CROSSBACK,short,6,ok,518,51.7375,-0.003951,0.003986,-0.052717,0.053265,0.096574,0.103238,-0.006664,52.7027,0.068851,neutral_mixed,55.38
RSI_CROSSBACK,both,12,ok,1095,49.6804,-0.030094,0.0,-0.098515,0.080662,0.154083,0.193175,-0.039092,50.137,-0.020064,neutral_mixed,49.51
RSI_CROSSBACK,long,12,ok,578,48.4429,-0.053574,-0.003562,-0.104953,0.081454,0.164213,0.235248,-0.071035,48.4429,-0.082624,neutral_mixed,45.75
RSI_CROSSBACK,short,12,ok,517,51.0638,-0.003845,0.004378,-0.096199,0.079433,0.142759,0.146138,-0.00338,52.0309,0.049878,neutral_mixed,53.71
RSI_CROSSBACK,both,24,ok,1095,45.6621,-0.03694,-0.01288,-0.133949,0.10994,0.212331,0.275144,-0.062813,48.4018,-0.013029,directional_headwind,42.79
RSI_CROSSBACK,long,24,ok,578,47.5779,-0.065688,-0.007541,-0.129839,0.11804,0.222619,0.33895,-0.116331,47.5779,-0.06501,neutral_mixed,44.02
RSI_CROSSBACK,short,24,ok,517,43.5203,-0.004799,-0.01635,-0.139065,0.104131,0.200829,0.203809,-0.00298,49.323,0.045086,directional_headwind,41.42
STOCHRSI_CROSSBACK,both,1,ok,11129,48.432,-0.000911,0.0,-0.019426,0.01881,0.041021,0.041543,-0.000523,48.8184,0.002921,neutral_mixed,46.93
STOCHRSI_CROSSBACK,long,1,ok,5582,48.6027,-0.001669,0.0,-0.018832,0.018245,0.040527,0.042422,-0.001894,48.943,-0.017963,neutral_mixed,47.05
STOCHRSI_CROSSBACK,short,1,ok,5547,48.2603,-0.000148,-0.000629,-0.019877,0.019308,0.041517,0.040659,0.000858,48.693,0.023936,neutral_mixed,46.8
STOCHRSI_CROSSBACK,both,3,ok,11125,49.4742,-0.001371,0.0,-0.034056,0.033221,0.072543,0.073572,-0.00103,49.9685,0.011979,neutral_mixed,49.41
STOCHRSI_CROSSBACK,long,3,ok,5579,49.4354,-0.002832,0.0,-0.034416,0.032941,0.070478,0.075461,-0.004983,49.5071,-0.017832,neutral_mixed,48.64
STOCHRSI_CROSSBACK,short,3,ok,5546,49.5132,9.9e-05,-0.0,-0.033758,0.033543,0.074619,0.071672,0.002947,50.4327,0.041967,neutral_mixed,50.18
STOCHRSI_CROSSBACK,both,6,ok,11117,50.3373,0.000681,0.000855,-0.049494,0.048816,0.106471,0.106549,-7.9e-05,50.1754,0.023036,neutral_mixed,50.83
STOCHRSI_CROSSBACK,long,6,ok,5577,50.4752,-0.001985,0.001254,-0.049994,0.04995,0.102095,0.111725,-0.00963,48.7538,-0.010047,neutral_mixed,49.4
STOCHRSI_CROSSBACK,short,6,ok,5540,50.1986,0.003365,0.000746,-0.048795,0.047683,0.110876,0.101339,0.009537,51.6065,0.05634,neutral_mixed,52.27
STOCHRSI_CROSSBACK,both,12,ok,11103,49.4911,0.000825,-0.000638,-0.069297,0.070359,0.152663,0.151813,0.00085,50.0946,0.009865,neutral_mixed,49.52
STOCHRSI_CROSSBACK,long,12,ok,5570,49.8384,-0.003975,0.0,-0.069757,0.070673,0.144066,0.16135,-0.017284,48.5996,-0.021427,neutral_mixed,48.32
STOCHRSI_CROSSBACK,short,12,ok,5533,49.1415,0.005658,-0.001475,-0.069017,0.070198,0.161317,0.142213,0.019104,51.5995,0.041367,neutral_mixed,50.74
STOCHRSI_CROSSBACK,both,24,ok,11073,49.3723,-0.001236,-0.001267,-0.102707,0.102734,0.217797,0.21998,-0.002184,49.562,0.006858,neutral_mixed,48.86
STOCHRSI_CROSSBACK,long,24,ok,5555,49.901,-0.00825,0.0,-0.102296,0.103267,0.204721,0.234445,-0.029724,47.8308,-0.023339,neutral_mixed,47.69
STOCHRSI_CROSSBACK,short,24,ok,5518,48.8402,0.005826,-0.002958,-0.102849,0.10158,0.23096,0.205419,0.025541,51.3048,0.037258,neutral_mixed,50.04
STOCH_CROSSOVER,both,1,ok,10545,48.9142,-0.000398,-0.0,-0.02041,0.018629,0.042054,0.041948,0.000106,49.3599,0.013683,neutral_mixed,48.15
STOCH_CROSSOVER,long,1,ok,5273,49.0233,-0.000556,0.0,-0.020344,0.018255,0.041389,0.041619,-0.00023,49.3837,0.010062,neutral_mixed,48.28
STOCH_CROSSOVER,short,1,ok,5272,48.805,-0.000241,-0.0,-0.020496,0.018838,0.042718,0.042276,0.000442,49.3361,0.017304,neutral_mixed,48.02
STOCH_CROSSOVER,both,3,ok,10539,48.9515,-0.002085,-0.000639,-0.035445,0.031902,0.074948,0.075639,-0.000691,49.6157,0.003451,neutral_mixed,48.33
STOCH_CROSSOVER,long,3,ok,5268,48.4814,-0.0043,-0.000861,-0.035644,0.031331,0.072103,0.077802,-0.005699,48.7851,-0.020912,neutral_mixed,46.72
STOCH_CROSSOVER,short,3,ok,5271,49.4214,0.000128,-0.0,-0.035303,0.033078,0.077792,0.073477,0.004315,50.4458,0.027796,neutral_mixed,49.93
STOCH_CROSSOVER,both,6,ok,10532,49.117,-0.001437,-0.000638,-0.050732,0.04703,0.106791,0.108054,-0.001263,49.7057,-0.003485,neutral_mixed,48.55
STOCH_CROSSOVER,long,6,ok,5266,49.1455,-0.004231,-0.000637,-0.050309,0.047448,0.101253,0.112514,-0.011261,48.6327,-0.031541,neutral_mixed,47.34
STOCH_CROSSOVER,short,6,ok,5266,49.0885,0.001357,-0.000749,-0.051269,0.046577,0.112328,0.103594,0.008734,50.7786,0.024566,neutral_mixed,49.76
STOCH_CROSSOVER,both,12,ok,10513,49.415,-0.000176,-0.00085,-0.071342,0.068372,0.154026,0.154525,-0.000499,49.9572,-0.000438,neutral_mixed,49.2
STOCH_CROSSOVER,long,12,ok,5256,49.5434,-0.003644,-0.00063,-0.069807,0.067846,0.144132,0.162165,-0.018034,48.9155,-0.029192,neutral_mixed,48.14
STOCH_CROSSOVER,short,12,ok,5257,49.2867,0.003292,-0.001261,-0.072339,0.068617,0.163918,0.146886,0.017031,50.9987,0.028306,neutral_mixed,50.25
STOCH_CROSSOVER,both,24,ok,10479,49.3559,-0.001779,-0.001255,-0.105739,0.102631,0.220938,0.222945,-0.002007,49.7471,-0.004383,neutral_mixed,48.89
STOCH_CROSSOVER,long,24,ok,5239,49.8378,-0.009462,0.0,-0.105179,0.103611,0.206186,0.237603,-0.031417,47.8526,-0.041711,neutral_mixed,47.44
STOCH_CROSSOVER,short,24,ok,5240,48.874,0.005902,-0.002562,-0.106355,0.101076,0.235687,0.20829,0.027397,51.6412,0.032931,neutral_mixed,50.34
THRUST_BAR_SIGNAL,both,1,ok,455,48.5714,0.002567,-0.001888,-0.037658,0.037419,0.087999,0.078843,0.009156,45.7143,0.065142,neutral_mixed,44.94
THRUST_BAR_SIGNAL,long,1,ok,226,53.5398,0.004319,0.002361,-0.028047,0.040606,0.075053,0.074873,0.00018,46.0177,0.120422,directional_tailwind,52.22
THRUST_BAR_SIGNAL,short,1,ok,229,43.6681,0.000838,-0.009442,-0.050964,0.028589,0.100776,0.082761,0.018015,45.4148,0.010587,neutral_mixed,37.75
THRUST_BAR_SIGNAL,both,3,ok,455,43.2967,-0.012361,-0.011132,-0.057325,0.031021,0.125566,0.11773,0.007836,48.5714,-0.067824,directional_headwind,39.32
THRUST_BAR_SIGNAL,long,3,ok,226,47.3451,0.005601,-0.00334,-0.043998,0.03211,0.110723,0.095234,0.015489,53.0973,0.061162,neutral_mixed,49.95
THRUST_BAR_SIGNAL,short,3,ok,229,39.3013,-0.030087,-0.017758,-0.070992,0.030622,0.140215,0.139931,0.000283,44.1048,-0.19512,directional_headwind,28.83
THRUST_BAR_SIGNAL,both,6,ok,455,41.978,-0.001762,-0.015425,-0.076546,0.05518,0.161963,0.149135,0.012828,46.3736,-0.035158,directional_headwind,35.96
THRUST_BAR_SIGNAL,long,6,ok,226,46.9027,0.021735,-0.003167,-0.049953,0.064485,0.14521,0.120467,0.024742,50.0,0.076795,neutral_mixed,46.74
THRUST_BAR_SIGNAL,short,6,ok,229,37.1179,-0.024952,-0.025897,-0.09917,0.04197,0.178498,0.177428,0.00107,42.7948,-0.145643,directional_headwind,26.06
THRUST_BAR_SIGNAL,both,12,ok,455,49.011,0.012981,-0.00086,-0.096727,0.073459,0.214631,0.185824,0.028807,46.1538,0.0459,neutral_mixed,45.71
THRUST_BAR_SIGNAL,long,12,ok,226,53.5398,0.032737,0.00675,-0.079228,0.091198,0.193424,0.156478,0.036947,51.3274,0.056854,directional_tailwind,56.36
THRUST_BAR_SIGNAL,short,12,ok,229,44.5415,-0.006516,-0.023774,-0.112079,0.054935,0.235559,0.214785,0.020774,41.048,0.035089,directional_headwind,35.2
THRUST_BAR_SIGNAL,both,24,ok,455,47.4725,0.049847,-0.005925,-0.108271,0.106032,0.293336,0.229033,0.064303,48.1319,0.086091,neutral_mixed,45.89
THRUST_BAR_SIGNAL,long,24,ok,226,51.3274,0.053347,0.00703,-0.083604,0.124988,0.250139,0.19185,0.058289,52.6549,0.083241,neutral_mixed,54.95
THRUST_BAR_SIGNAL,short,24,ok,229,43.6681,0.046392,-0.016986,-0.125838,0.09249,0.335967,0.265728,0.070238,43.6681,0.088903,neutral_mixed,36.96
TOBY_CRABEL_NARROW_RANGE,both,1,ok,2344,48.9334,0.0,-0.0,-0.013433,0.013433,0.029769,0.029769,0.0,49.6587,0.0,neutral_mixed,48.31
TOBY_CRABEL_NARROW_RANGE,long,1,ok,1172,49.1468,0.004143,0.0,-0.013122,0.013657,0.031845,0.027693,0.004152,50.7679,0.018906,neutral_mixed,49.77
TOBY_CRABEL_NARROW_RANGE,short,1,ok,1172,48.7201,-0.004143,-0.0,-0.013657,0.013122,0.027693,0.031845,-0.004152,48.5495,-0.018906,neutral_mixed,46.84
TOBY_CRABEL_NARROW_RANGE,both,3,ok,2342,49.573,0.0,0.0,-0.025181,0.025181,0.057943,0.057943,0.0,49.8292,0.0,neutral_mixed,49.29
TOBY_CRABEL_NARROW_RANGE,long,3,ok,1171,49.5303,-0.00116,0.0,-0.025576,0.024711,0.056761,0.059124,-0.002363,50.1281,-0.011608,neutral_mixed,49.39
TOBY_CRABEL_NARROW_RANGE,short,3,ok,1171,49.6157,0.00116,-0.0,-0.024711,0.025576,0.059124,0.056761,0.002363,49.5303,0.011608,neutral_mixed,49.19
TOBY_CRABEL_NARROW_RANGE,both,6,ok,2342,49.4449,0.0,0.0,-0.035755,0.035755,0.086849,0.086849,0.0,49.8719,0.0,neutral_mixed,49.16
TOBY_CRABEL_NARROW_RANGE,long,6,ok,1171,49.1033,-0.004015,0.0,-0.0391,0.033834,0.082645,0.091052,-0.008406,48.8471,-0.047676,neutral_mixed,47.32
TOBY_CRABEL_NARROW_RANGE,short,6,ok,1171,49.7865,0.004015,-0.0,-0.033834,0.0391,0.091052,0.082645,0.008406,50.8967,0.047676,neutral_mixed,51.01
TOBY_CRABEL_NARROW_RANGE,both,12,ok,2332,49.6569,0.0,0.0,-0.052402,0.052402,0.130864,0.130864,0.0,49.9142,0.0,neutral_mixed,49.48
TOBY_CRABEL_NARROW_RANGE,long,12,ok,1166,48.7136,-0.00943,-0.002211,-0.057859,0.048304,0.12181,0.139917,-0.018108,46.741,-0.055189,neutral_mixed,44.84
TOBY_CRABEL_NARROW_RANGE,short,12,ok,1166,50.6003,0.00943,0.002211,-0.048304,0.057859,0.139917,0.12181,0.018108,53.0875,0.055189,neutral_mixed,54.11
TOBY_CRABEL_NARROW_RANGE,both,24,ok,2332,49.7856,0.0,-0.0,-0.080416,0.080416,0.189273,0.189273,0.0,49.9142,0.0,neutral_mixed,49.64
TOBY_CRABEL_NARROW_RANGE,long,24,ok,1166,49.0566,-0.017721,-0.002216,-0.084204,0.078283,0.173776,0.204771,-0.030995,46.8268,-0.05592,neutral_mixed,45.36
TOBY_CRABEL_NARROW_RANGE,short,24,ok,1166,50.5146,0.017721,0.002216,-0.078283,0.084204,0.204771,0.173776,0.030995,53.0017,0.05592,neutral_mixed,53.93
TTF_DSL_TRANSITION,both,1,ok,2107,49.8339,0.00072,0.0,-0.0205,0.018018,0.043348,0.042042,0.001306,49.2169,-0.015929,neutral_mixed,48.92
TTF_DSL_TRANSITION,long,1,ok,1033,49.6612,-0.000426,0.0,-0.018726,0.017851,0.037175,0.039277,-0.002102,49.4676,-0.017137,neutral_mixed,48.91
TTF_DSL_TRANSITION,short,1,ok,1074,50.0,0.001822,0.000313,-0.022006,0.018218,0.049285,0.044701,0.004584,48.9758,-0.014767,neutral_mixed,48.93
TTF_DSL_TRANSITION,both,3,ok,2107,48.7423,0.003034,-0.00074,-0.034788,0.030796,0.078911,0.072427,0.006484,48.8847,0.004672,neutral_mixed,47.41
TTF_DSL_TRANSITION,long,3,ok,1033,50.1452,0.002195,0.000637,-0.030866,0.029856,0.069666,0.068823,0.000843,48.8867,0.008479,neutral_mixed,49.27
TTF_DSL_TRANSITION,short,3,ok,1074,47.3929,0.003841,-0.002536,-0.038246,0.031764,0.087803,0.075894,0.011909,48.8827,0.00101,neutral_mixed,45.62
TTF_DSL_TRANSITION,both,6,ok,2106,47.9582,0.004657,-0.00202,-0.050839,0.048778,0.114161,0.102195,0.011966,49.6201,0.010008,neutral_mixed,47.1
TTF_DSL_TRANSITION,long,6,ok,1032,50.3876,0.003885,0.000696,-0.04057,0.049905,0.099605,0.098204,0.001401,50.0969,0.031717,neutral_mixed,50.91
TTF_DSL_TRANSITION,short,6,ok,1074,45.6238,0.005399,-0.005654,-0.061114,0.047126,0.128149,0.10603,0.022119,49.162,-0.010852,neutral_mixed,43.45
TTF_DSL_TRANSITION,both,12,ok,2104,50.5703,0.008496,0.001376,-0.071317,0.072939,0.160397,0.145265,0.015132,49.192,0.030806,neutral_mixed,50.32
TTF_DSL_TRANSITION,long,12,ok,1032,52.3256,0.009773,0.00601,-0.059827,0.080331,0.141263,0.143053,-0.00179,50.0,0.041757,neutral_mixed,53.44
TTF_DSL_TRANSITION,short,12,ok,1072,48.8806,0.007267,-0.002129,-0.080429,0.064561,0.178816,0.147394,0.031423,48.4142,0.020264,neutral_mixed,47.32
TTF_DSL_TRANSITION,both,24,ok,2098,49.2374,0.004857,-0.002226,-0.10209,0.088844,0.226338,0.209002,0.017336,50.0477,0.00272,neutral_mixed,49.08
TTF_DSL_TRANSITION,long,24,ok,1029,50.7289,0.000265,0.004408,-0.095014,0.096819,0.194539,0.209038,-0.014499,50.3401,0.005319,neutral_mixed,51.31
TTF_DSL_TRANSITION,short,24,ok,1069,47.8017,0.009278,-0.006041,-0.111243,0.08407,0.256948,0.208968,0.047979,49.7661,0.000217,neutral_mixed,46.93
WAVETREND_CROSSOVER,both,1,ok,796,48.3668,0.004402,-0.00063,-0.01937,0.020985,0.050641,0.044398,0.006243,50.3769,0.098125,neutral_mixed,49.2
WAVETREND_CROSSOVER,long,1,ok,384,51.5625,0.009618,0.001715,-0.01967,0.028895,0.060575,0.05,0.010575,53.3854,0.117696,neutral_mixed,56.26
WAVETREND_CROSSOVER,short,1,ok,412,45.3883,-0.000459,-0.002237,-0.01892,0.01699,0.041382,0.039177,0.002205,47.5728,0.079885,directional_headwind,42.62
WAVETREND_CROSSOVER,both,3,ok,796,51.1307,0.004651,0.00137,-0.034796,0.039836,0.085343,0.075905,0.009437,52.1357,0.067325,neutral_mixed,54.07
WAVETREND_CROSSOVER,long,3,ok,384,53.3854,0.006883,0.007213,-0.034796,0.045672,0.098047,0.083766,0.014281,54.1667,0.087732,directional_tailwind,59.03
WAVETREND_CROSSOVER,short,3,ok,412,49.0291,0.002571,-0.0,-0.034454,0.033801,0.073502,0.068579,0.004923,50.2427,0.048304,neutral_mixed,49.44
WAVETREND_CROSSOVER,both,6,ok,796,52.2613,0.009951,0.003546,-0.04563,0.055832,0.11697,0.107801,0.009169,53.392,0.071943,neutral_mixed,56.71
WAVETREND_CROSSOVER,long,6,ok,384,51.3021,0.006794,0.002876,-0.048509,0.060939,0.132108,0.126633,0.005475,54.9479,0.038746,neutral_mixed,56.53
WAVETREND_CROSSOVER,short,6,ok,412,53.1553,0.012894,0.004335,-0.041561,0.049864,0.10286,0.090248,0.012612,51.9417,0.102883,directional_tailwind,56.88
WAVETREND_CROSSOVER,both,12,ok,795,51.9497,0.002126,0.0057,-0.069252,0.077911,0.164553,0.157571,0.006982,52.7044,0.038724,neutral_mixed,55.36
WAVETREND_CROSSOVER,long,12,ok,384,50.7812,-0.001547,0.004426,-0.079817,0.081829,0.179495,0.187116,-0.007621,50.2604,0.029738,neutral_mixed,51.55
WAVETREND_CROSSOVER,short,12,ok,411,53.0414,0.005557,0.006609,-0.062766,0.069968,0.150593,0.129968,0.020625,54.9878,0.047118,directional_tailwind,58.91
WAVETREND_CROSSOVER,both,24,ok,795,48.0503,-0.002693,-0.004408,-0.121466,0.108627,0.234366,0.235508,-0.001142,50.1887,0.045649,neutral_mixed,48.09
WAVETREND_CROSSOVER,long,24,ok,384,48.6979,-0.014333,-0.003685,-0.120244,0.117823,0.249452,0.283873,-0.034421,46.875,0.014704,neutral_mixed,45.64
WAVETREND_CROSSOVER,short,24,ok,411,47.4453,0.008183,-0.005004,-0.123874,0.095248,0.220272,0.190321,0.029951,53.2847,0.074561,neutral_mixed,50.38
WICK_REJECTION,both,1,ok,7324,48.5117,-0.000675,-0.0,-0.019302,0.01788,0.0395,0.039871,-0.000371,49.29,-0.016001,neutral_mixed,47.27
WICK_REJECTION,long,1,ok,3680,47.9076,-0.001811,-0.000626,-0.020182,0.017259,0.039563,0.042519,-0.002956,48.4511,-0.032638,neutral_mixed,45.56
WICK_REJECTION,short,1,ok,3644,49.1218,0.000473,-0.0,-0.017923,0.018541,0.039436,0.037196,0.00224,50.1372,0.000805,neutral_mixed,48.99
WICK_REJECTION,both,3,ok,7323,48.3818,-9.8e-05,-0.000853,-0.033344,0.031634,0.071452,0.072441,-0.000989,48.6822,-0.022243,neutral_mixed,46.49
WICK_REJECTION,long,3,ok,3679,48.3284,-0.001405,-0.000849,-0.033136,0.030216,0.069633,0.076127,-0.006494,47.7032,-0.036211,neutral_mixed,45.4
WICK_REJECTION,short,3,ok,3644,48.4358,0.001222,-0.001164,-0.033502,0.033241,0.073289,0.06872,0.004568,49.6707,-0.008137,neutral_mixed,47.59
WICK_REJECTION,both,6,ok,7316,49.2346,-0.001863,-0.000638,-0.047642,0.045269,0.101661,0.105246,-0.003585,48.8108,-0.016048,neutral_mixed,47.77
WICK_REJECTION,long,6,ok,3674,49.3195,-0.006901,-0.000634,-0.047657,0.043255,0.097495,0.112428,-0.014933,47.7409,-0.04738,neutral_mixed,46.61
WICK_REJECTION,short,6,ok,3642,49.1488,0.003219,-0.000696,-0.047605,0.046984,0.105864,0.098001,0.007863,49.8902,0.015567,neutral_mixed,48.95
WICK_REJECTION,both,12,ok,7308,49.7674,-0.0048,-0.0,-0.069248,0.0653,0.146837,0.152592,-0.005755,49.9863,-0.009337,neutral_mixed,49.59
WICK_REJECTION,long,12,ok,3668,50.1091,-0.017266,0.000632,-0.075612,0.062874,0.137404,0.166862,-0.029458,48.9913,-0.060471,neutral_mixed,48.63
WICK_REJECTION,short,12,ok,3640,49.4231,0.007761,-0.0008,-0.063352,0.066692,0.156343,0.138213,0.01813,50.989,0.042205,neutral_mixed,50.56
WICK_REJECTION,both,24,ok,7290,48.9438,-0.005441,-0.002547,-0.103534,0.099816,0.212481,0.219692,-0.007211,49.4239,-0.008057,neutral_mixed,48.03
WICK_REJECTION,long,24,ok,3660,48.6066,-0.025961,-0.004046,-0.106795,0.092825,0.192964,0.241116,-0.048152,47.4317,-0.064714,neutral_mixed,45.23
WICK_REJECTION,short,24,ok,3630,49.2837,0.01525,-0.001593,-0.099949,0.105851,0.23216,0.198092,0.034067,51.4325,0.049085,neutral_mixed,50.85
